branch_id,address,phone
1,"789 Oak St,Seattle,TX,77001",555-849-3330
2,"555 Maple Ave,Houston,CA,55322",555-510-0045
3,"789 Oak St,Seattle,FL,10001",555-758-3726
4,"123 Main St,Houston,CA,90001",555-168-1436
5,"555 Maple Ave,Chicago,WA,98404",555-392-1797
6,"555 Maple Ave,Orlando,NY,90001",555-456-2645
7,"456 Elm St,Los Angeles,FL,10001",555-364-9684
8,"122 Apple Way,Seattle,NY,77001",555-571-1998
9,"789 Oak St,Chicago,NY,98404",555-096-3398
10,"122 Apple Way,Chicago,FL,98404",555-619-3176
11,"122 Apple Way,Los Angeles,CA,90001",555-981-7268
12,"789 Oak St,New York,FL,98404",555-111-9570
13,"5511 Tree Ave,Seattle,WA,60601",555-419-6482
14,"5511 Tree Ave,Houston,CA,10001",555-991-0473
15,"456 Elm St,Houston,WA,90001",555-818-2967
16,"123 Main St,Seattle,TX,60601",555-457-7980
17,"789 Oak St,New York,IL,98404",555-381-4606
18,"5511 Tree Ave,Chicago,CA,90001",555-346-9813
19,"122 Apple Way,Houston,WA,10001",555-059-2554
20,"456 Elm St,Seattle,IL,98404",555-016-7045
21,"555 Maple Ave,Chicago,FL,10001",555-272-8553
22,"123 Main St,Chicago,CA,77001",555-481-2248
23,"5511 Tree Ave,Los Angeles,FL,55322",555-904-8733
24,"456 Elm St,New York,FL,60601",555-829-6796
25,"555 Maple Ave,Seattle,WA,77001",555-762-0548
26,"123 Main St,Orlando,CA,60601",555-247-3121
27,"5511 Tree Ave,Seattle,FL,60601",555-157-1731
28,"5511 Tree Ave,Seattle,TX,55322",555-566-4109
29,"456 Elm St,Houston,NY,77001",555-505-6179
30,"5511 Tree Ave,Houston,NY,10001",555-414-2132
31,"123 Main St,Chicago,FL,77001",555-946-1370
32,"122 Apple Way,Houston,CA,98404",555-055-9069
33,"789 Oak St,Chicago,WA,55322",555-603-3104
34,"5511 Tree Ave,New York,CA,90001",555-502-8756
35,"789 Oak St,Houston,IL,90001",555-916-2299
36,"5511 Tree Ave,Houston,TX,90001",555-574-9762
37,"5511 Tree Ave,Seattle,FL,90001",555-420-4820
38,"555 Maple Ave,Chicago,FL,10001",555-851-6368
39,"123 Main St,Seattle,TX,10001",555-415-0596
40,"5511 Tree Ave,New York,IL,90001",555-775-6307
41,"555 Maple Ave,Seattle,NY,90001",555-559-7942
42,"123 Main St,Chicago,CA,90001",555-237-0628
43,"5511 Tree Ave,Houston,TX,55322",555-843-6901
44,"5511 Tree Ave,Houston,CA,55322",555-481-4977
45,"123 Main St,Houston,IL,10001",555-658-3103
46,"555 Maple Ave,Los Angeles,TX,60601",555-228-8081
47,"5511 Tree Ave,Los Angeles,WA,55322",555-291-3176
48,"456 Elm St,Los Angeles,TX,10001",555-153-7333
49,"123 Main St,New York,WA,98404",555-071-1574
50,"122 Apple Way,Chicago,WA,98404",555-896-6328
51,"122 Apple Way,Orlando,NY,77001",555-782-3554
52,"123 Main St,Los Angeles,WA,55322",555-752-7372
53,"555 Maple Ave,New York,WA,10001",555-310-9438
54,"789 Oak St,Houston,TX,10001",555-843-6753
55,"122 Apple Way,Chicago,IL,60601",555-214-3615
56,"5511 Tree Ave,Orlando,WA,77001",555-369-2117
57,"555 Maple Ave,Seattle,CA,60601",555-137-4632
58,"555 Maple Ave,Houston,CA,55322",555-228-1019
59,"5511 Tree Ave,New York,NY,98404",555-976-3838
60,"5511 Tree Ave,Houston,CA,90001",555-545-9336
61,"5511 Tree Ave,Los Angeles,WA,60601",555-806-6402
62,"123 Main St,Seattle,TX,55322",555-056-6244
63,"123 Main St,Chicago,FL,55322",555-031-1204
64,"456 Elm St,Los Angeles,IL,98404",555-960-5728
65,"123 Main St,New York,NY,60601",555-169-8969
66,"123 Main St,Orlando,FL,55322",555-693-0288
67,"123 Main St,Los Angeles,TX,10001",555-609-3025
68,"122 Apple Way,Houston,TX,77001",555-399-4748
69,"789 Oak St,Orlando,TX,98404",555-526-8106
70,"123 Main St,Seattle,WA,60601",555-675-3545
71,"5511 Tree Ave,Houston,CA,90001",555-800-2496
72,"122 Apple Way,Los Angeles,CA,77001",555-863-7234
73,"122 Apple Way,Houston,IL,77001",555-860-3171
74,"456 Elm St,Chicago,WA,10001",555-543-3715
75,"789 Oak St,New York,IL,98404",555-066-4824
76,"122 Apple Way,New York,CA,90001",555-781-9970
77,"5511 Tree Ave,Chicago,TX,77001",555-320-6606
78,"5511 Tree Ave,Chicago,NY,60601",555-523-4015
79,"5511 Tree Ave,Seattle,TX,10001",555-929-9075
80,"555 Maple Ave,Houston,CA,55322",555-426-6039
81,"122 Apple Way,Los Angeles,FL,55322",555-286-4950
82,"123 Main St,Los Angeles,WA,55322",555-725-4726
83,"123 Main St,New York,FL,98404",555-426-7625
84,"123 Main St,Chicago,IL,90001",555-496-1430
85,"5511 Tree Ave,Los Angeles,FL,90001",555-606-5645
86,"555 Maple Ave,Chicago,NY,10001",555-003-2984
87,"123 Main St,Houston,WA,55322",555-693-8031
88,"789 Oak St,Seattle,TX,98404",555-537-8785
89,"789 Oak St,Houston,TX,77001",555-657-7882
90,"5511 Tree Ave,Chicago,NY,98404",555-419-6524
91,"789 Oak St,Seattle,CA,98404",555-002-1136
92,"122 Apple Way,Houston,NY,98404",555-166-4330
93,"555 Maple Ave,Orlando,NY,77001",555-214-7679
94,"122 Apple Way,Orlando,TX,55322",555-173-4434
95,"5511 Tree Ave,Los Angeles,FL,77001",555-858-6249
96,"122 Apple Way,Chicago,TX,98404",555-361-2425
97,"123 Main St,Chicago,IL,10001",555-147-8973
98,"456 Elm St,Chicago,FL,60601",555-013-4896
99,"123 Main St,Orlando,WA,90001",555-238-1712
100,"123 Main St,Houston,IL,10001",555-215-0333
101,"123 Main St,Seattle,TX,98404",555-243-0157
102,"456 Elm St,Los Angeles,CA,98404",555-168-7988
103,"122 Apple Way,New York,IL,90001",555-036-2753
104,"789 Oak St,Houston,NY,55322",555-877-7970
105,"122 Apple Way,Seattle,WA,90001",555-807-4630
106,"555 Maple Ave,Houston,WA,90001",555-264-1186
107,"5511 Tree Ave,Los Angeles,CA,77001",555-752-1390
108,"122 Apple Way,Los Angeles,CA,98404",555-298-7655
109,"123 Main St,New York,NY,90001",555-462-2271
110,"122 Apple Way,Chicago,NY,55322",555-270-9460
111,"5511 Tree Ave,Seattle,CA,10001",555-268-6460
112,"5511 Tree Ave,New York,IL,60601",555-628-3220
113,"122 Apple Way,Houston,IL,55322",555-541-9906
114,"5511 Tree Ave,Houston,CA,55322",555-907-0075
115,"123 Main St,Chicago,CA,77001",555-618-8662
116,"555 Maple Ave,Houston,CA,10001",555-342-7102
117,"555 Maple Ave,Seattle,TX,55322",555-985-9534
118,"456 Elm St,Seattle,NY,90001",555-668-5376
119,"456 Elm St,Orlando,NY,10001",555-901-8413
120,"555 Maple Ave,Seattle,NY,55322",555-596-8770
121,"122 Apple Way,Houston,TX,90001",555-162-5896
122,"5511 Tree Ave,Chicago,TX,55322",555-196-4571
123,"122 Apple Way,Orlando,IL,10001",555-621-9976
124,"555 Maple Ave,New York,CA,55322",555-033-1310
125,"123 Main St,Los Angeles,NY,90001",555-374-0395
126,"555 Maple Ave,Houston,IL,90001",555-941-2888
127,"122 Apple Way,Chicago,IL,55322",555-333-2882
128,"456 Elm St,Los Angeles,WA,90001",555-571-3261
129,"5511 Tree Ave,Chicago,FL,90001",555-118-7004
130,"122 Apple Way,Los Angeles,IL,98404",555-650-9460
131,"789 Oak St,Orlando,FL,55322",555-747-4569
132,"122 Apple Way,Los Angeles,TX,60601",555-495-4071
133,"456 Elm St,New York,WA,77001",555-286-8510
134,"5511 Tree Ave,New York,CA,55322",555-600-6756
135,"456 Elm St,Houston,TX,55322",555-888-5760
136,"123 Main St,Los Angeles,FL,60601",555-310-3475
137,"5511 Tree Ave,Orlando,FL,90001",555-869-8622
138,"123 Main St,Orlando,FL,10001",555-561-8035
139,"122 Apple Way,New York,NY,10001",555-594-5600
140,"123 Main St,Houston,FL,10001",555-937-5442
141,"122 Apple Way,Orlando,NY,55322",555-712-1045
142,"122 Apple Way,New York,WA,90001",555-297-1222
143,"122 Apple Way,New York,CA,90001",555-102-6698
144,"789 Oak St,Chicago,NY,77001",555-777-8517
145,"5511 Tree Ave,Houston,IL,90001",555-521-9573
146,"122 Apple Way,Chicago,TX,90001",555-144-3685
147,"123 Main St,Orlando,FL,55322",555-129-5917
148,"5511 Tree Ave,Los Angeles,NY,55322",555-013-4472
149,"123 Main St,Seattle,WA,55322",555-031-8426
150,"789 Oak St,Houston,WA,55322",555-621-3562
151,"122 Apple Way,Orlando,CA,60601",555-133-7922
152,"555 Maple Ave,Orlando,TX,55322",555-383-7875
153,"5511 Tree Ave,Seattle,WA,10001",555-479-0535
154,"122 Apple Way,New York,IL,90001",555-480-3015
155,"5511 Tree Ave,Orlando,TX,10001",555-441-6095
156,"122 Apple Way,Orlando,WA,77001",555-285-5670
157,"555 Maple Ave,Los Angeles,TX,55322",555-988-3108
158,"456 Elm St,New York,IL,77001",555-026-1916
159,"789 Oak St,Orlando,TX,77001",555-295-7681
160,"122 Apple Way,Chicago,IL,55322",555-687-9943
161,"555 Maple Ave,Chicago,CA,98404",555-951-3281
162,"789 Oak St,Seattle,NY,10001",555-035-8366
163,"456 Elm St,New York,WA,60601",555-935-0241
164,"123 Main St,New York,FL,10001",555-339-0585
165,"122 Apple Way,Houston,CA,60601",555-925-9323
166,"789 Oak St,New York,TX,98404",555-347-0420
167,"555 Maple Ave,Chicago,WA,98404",555-874-8120
168,"5511 Tree Ave,Los Angeles,TX,60601",555-108-5420
169,"122 Apple Way,Los Angeles,NY,77001",555-085-0271
170,"789 Oak St,Seattle,IL,10001",555-457-4603
171,"456 Elm St,Chicago,TX,55322",555-854-3379
172,"5511 Tree Ave,Los Angeles,NY,55322",555-790-3365
173,"122 Apple Way,Orlando,FL,10001",555-761-2896
174,"123 Main St,New York,TX,98404",555-685-8748
175,"123 Main St,New York,CA,10001",555-162-4460
176,"456 Elm St,Orlando,NY,90001",555-041-7782
177,"5511 Tree Ave,Houston,TX,77001",555-152-3024
178,"789 Oak St,Los Angeles,WA,60601",555-204-8279
179,"555 Maple Ave,New York,WA,77001",555-250-9780
180,"456 Elm St,Seattle,NY,10001",555-153-0313
181,"555 Maple Ave,New York,NY,60601",555-220-9875
182,"123 Main St,Orlando,CA,98404",555-761-5919
183,"555 Maple Ave,New York,IL,77001",555-020-9069
184,"789 Oak St,Chicago,FL,90001",555-060-2385
185,"123 Main St,Seattle,FL,98404",555-289-5128
186,"456 Elm St,Houston,FL,60601",555-085-3918
187,"555 Maple Ave,Los Angeles,IL,60601",555-364-3910
188,"5511 Tree Ave,Los Angeles,TX,55322",555-806-3080
189,"456 Elm St,Chicago,CA,60601",555-298-7815
190,"555 Maple Ave,New York,NY,98404",555-417-5701
191,"789 Oak St,New York,IL,10001",555-031-9581
192,"123 Main St,New York,WA,98404",555-878-0308
193,"789 Oak St,Los Angeles,CA,60601",555-128-2395
194,"456 Elm St,New York,NY,90001",555-344-6957
195,"123 Main St,Chicago,FL,90001",555-020-0478
196,"555 Maple Ave,Chicago,TX,90001",555-616-8300
197,"123 Main St,Houston,WA,60601",555-009-6736
198,"456 Elm St,Chicago,FL,98404",555-634-7330
199,"5511 Tree Ave,Orlando,NY,55322",555-757-4039
200,"555 Maple Ave,New York,IL,60601",555-210-7434
201,"789 Oak St,New York,IL,10001",555-241-7346
202,"456 Elm St,Seattle,FL,60601",555-418-0087
203,"456 Elm St,Chicago,NY,10001",555-074-9672
204,"456 Elm St,Chicago,CA,60601",555-630-7727
205,"5511 Tree Ave,New York,IL,98404",555-634-0919
206,"456 Elm St,Los Angeles,TX,98404",555-633-5444
207,"5511 Tree Ave,Seattle,CA,77001",555-902-7080
208,"5511 Tree Ave,Orlando,NY,10001",555-073-0910
209,"122 Apple Way,New York,WA,55322",555-232-6906
210,"789 Oak St,Los Angeles,NY,55322",555-327-9107
211,"789 Oak St,Houston,FL,60601",555-273-1073
212,"456 Elm St,Seattle,TX,10001",555-039-8847
213,"123 Main St,Seattle,NY,98404",555-267-9400
214,"5511 Tree Ave,Chicago,WA,90001",555-318-7819
215,"456 Elm St,Houston,CA,60601",555-746-5526
216,"555 Maple Ave,Los Angeles,WA,90001",555-954-6534
217,"122 Apple Way,Los Angeles,NY,98404",555-120-4168
218,"555 Maple Ave,Chicago,IL,98404",555-148-4646
219,"789 Oak St,Orlando,CA,90001",555-396-2553
220,"789 Oak St,Los Angeles,CA,60601",555-265-3693
221,"122 Apple Way,Houston,IL,90001",555-136-2920
222,"456 Elm St,Los Angeles,TX,55322",555-691-9701
223,"122 Apple Way,New York,IL,98404",555-354-8756
224,"122 Apple Way,Orlando,FL,55322",555-268-5969
225,"123 Main St,Chicago,CA,98404",555-658-5766
226,"123 Main St,Houston,CA,90001",555-302-5021
227,"123 Main St,New York,TX,60601",555-554-2330
228,"789 Oak St,New York,CA,98404",555-704-4637
229,"5511 Tree Ave,Los Angeles,TX,10001",555-217-2519
230,"456 Elm St,Seattle,NY,55322",555-074-2029
231,"555 Maple Ave,Seattle,IL,77001",555-873-6755
232,"123 Main St,New York,TX,10001",555-219-2932
233,"555 Maple Ave,Chicago,NY,98404",555-150-3768
234,"122 Apple Way,New York,IL,90001",555-441-9928
235,"555 Maple Ave,Houston,WA,90001",555-874-9765
236,"122 Apple Way,Los Angeles,FL,90001",555-755-7923
237,"123 Main St,Orlando,CA,10001",555-822-4150
238,"5511 Tree Ave,Houston,CA,90001",555-895-3273
239,"555 Maple Ave,Chicago,TX,77001",555-740-9355
240,"456 Elm St,Los Angeles,NY,77001",555-737-3131
241,"123 Main St,Houston,NY,55322",555-306-3544
242,"789 Oak St,New York,TX,10001",555-539-5882
243,"555 Maple Ave,Los Angeles,IL,60601",555-225-5845
244,"123 Main St,Chicago,FL,90001",555-010-2061
245,"122 Apple Way,Seattle,WA,90001",555-458-8068
246,"122 Apple Way,Orlando,CA,55322",555-292-2290
247,"555 Maple Ave,Los Angeles,IL,90001",555-633-5281
248,"122 Apple Way,Chicago,IL,98404",555-142-8745
249,"555 Maple Ave,Orlando,TX,60601",555-460-4626
250,"789 Oak St,Los Angeles,IL,55322",555-513-6555
251,"555 Maple Ave,Chicago,WA,55322",555-117-0428
252,"5511 Tree Ave,Seattle,NY,55322",555-522-1732
253,"789 Oak St,New York,NY,90001",555-612-5269
254,"123 Main St,Orlando,TX,98404",555-085-4450
255,"789 Oak St,Chicago,IL,60601",555-626-8498
256,"123 Main St,Orlando,WA,90001",555-733-2271
257,"456 Elm St,Los Angeles,FL,60601",555-374-8463
258,"789 Oak St,New York,WA,60601",555-444-0102
259,"123 Main St,Orlando,WA,55322",555-024-3548
260,"5511 Tree Ave,Chicago,IL,10001",555-052-2688
261,"555 Maple Ave,Houston,FL,98404",555-743-5457
262,"5511 Tree Ave,Seattle,TX,98404",555-658-6260
263,"456 Elm St,New York,NY,98404",555-776-1946
264,"123 Main St,Orlando,CA,98404",555-684-7766
265,"5511 Tree Ave,Houston,WA,60601",555-903-9293
266,"123 Main St,Seattle,FL,90001",555-182-5313
267,"122 Apple Way,Chicago,FL,90001",555-515-9615
268,"5511 Tree Ave,Los Angeles,CA,10001",555-314-9090
269,"123 Main St,New York,TX,98404",555-147-8776
270,"5511 Tree Ave,Chicago,FL,55322",555-274-5471
271,"122 Apple Way,New York,IL,10001",555-675-0502
272,"789 Oak St,Chicago,IL,77001",555-024-9004
273,"456 Elm St,Los Angeles,WA,77001",555-847-0280
274,"122 Apple Way,Chicago,IL,98404",555-896-1080
275,"555 Maple Ave,Los Angeles,WA,77001",555-075-9872
276,"789 Oak St,Chicago,TX,77001",555-997-6822
277,"555 Maple Ave,New York,CA,60601",555-997-1794
278,"456 Elm St,New York,FL,77001",555-732-3685
279,"122 Apple Way,Los Angeles,IL,98404",555-627-0056
280,"5511 Tree Ave,Seattle,WA,90001",555-309-0829
281,"555 Maple Ave,Orlando,TX,10001",555-679-9687
282,"789 Oak St,Houston,WA,10001",555-157-7473
283,"555 Maple Ave,Seattle,TX,10001",555-229-5729
284,"789 Oak St,Chicago,IL,77001",555-331-7359
285,"555 Maple Ave,Seattle,WA,55322",555-347-5663
286,"789 Oak St,Los Angeles,IL,90001",555-171-1347
287,"555 Maple Ave,Chicago,FL,90001",555-058-1178
288,"122 Apple Way,Seattle,TX,90001",555-770-6888
289,"789 Oak St,Chicago,WA,90001",555-238-4406
290,"5511 Tree Ave,New York,WA,55322",555-192-7394
291,"555 Maple Ave,Houston,TX,77001",555-859-4265
292,"789 Oak St,Houston,IL,10001",555-116-7679
293,"456 Elm St,New York,FL,98404",555-110-4396
294,"123 Main St,Orlando,CA,10001",555-140-0550
295,"789 Oak St,Los Angeles,TX,10001",555-940-5165
296,"789 Oak St,Orlando,NY,98404",555-990-7089
297,"555 Maple Ave,Chicago,IL,55322",555-364-5745
298,"555 Maple Ave,Orlando,FL,60601",555-679-7090
299,"5511 Tree Ave,New York,CA,10001",555-720-0870
300,"123 Main St,Orlando,WA,98404",555-176-4105
301,"555 Maple Ave,Los Angeles,FL,10001",555-903-0784
302,"789 Oak St,Orlando,TX,10001",555-572-0694
303,"456 Elm St,Orlando,IL,98404",555-183-0913
304,"456 Elm St,Los Angeles,NY,90001",555-045-1402
305,"789 Oak St,Los Angeles,TX,90001",555-424-0420
306,"123 Main St,Seattle,CA,10001",555-966-7782
307,"122 Apple Way,Orlando,CA,60601",555-029-1508
308,"123 Main St,Chicago,WA,10001",555-437-8007
309,"456 Elm St,Los Angeles,WA,77001",555-787-0166
310,"789 Oak St,Houston,WA,55322",555-664-6260
311,"456 Elm St,Orlando,CA,55322",555-220-9556
312,"555 Maple Ave,New York,NY,77001",555-595-7404
313,"555 Maple Ave,New York,IL,10001",555-139-0487
314,"5511 Tree Ave,Orlando,FL,90001",555-553-4432
315,"123 Main St,Seattle,NY,90001",555-899-8165
316,"5511 Tree Ave,Houston,FL,90001",555-652-1371
317,"123 Main St,Houston,FL,98404",555-621-1706
318,"456 Elm St,Los Angeles,CA,10001",555-400-5663
319,"555 Maple Ave,Seattle,TX,98404",555-924-3106
320,"5511 Tree Ave,New York,FL,55322",555-862-8871
321,"456 Elm St,Chicago,WA,10001",555-110-9518
322,"789 Oak St,Los Angeles,FL,60601",555-577-1643
323,"789 Oak St,Orlando,FL,10001",555-479-5368
324,"123 Main St,New York,IL,60601",555-073-2033
325,"122 Apple Way,Chicago,IL,60601",555-439-2027
326,"555 Maple Ave,Chicago,NY,90001",555-081-6532
327,"789 Oak St,Chicago,NY,77001",555-056-1656
328,"123 Main St,Chicago,IL,60601",555-072-2743
329,"555 Maple Ave,New York,TX,98404",555-111-7167
330,"555 Maple Ave,Chicago,NY,77001",555-349-9363
331,"789 Oak St,Orlando,IL,55322",555-520-9800
332,"789 Oak St,Orlando,CA,60601",555-983-6273
333,"122 Apple Way,New York,NY,77001",555-322-6122
334,"122 Apple Way,New York,TX,10001",555-083-3991
335,"122 Apple Way,Los Angeles,WA,60601",555-987-9822
336,"5511 Tree Ave,Orlando,CA,77001",555-619-5514
337,"123 Main St,Houston,TX,90001",555-284-9040
338,"789 Oak St,Chicago,FL,77001",555-650-9712
339,"123 Main St,Houston,CA,90001",555-699-4296
340,"555 Maple Ave,Seattle,WA,60601",555-595-5050
341,"123 Main St,Seattle,TX,90001",555-775-6360
342,"789 Oak St,Houston,WA,90001",555-586-4734
343,"456 Elm St,Seattle,FL,55322",555-780-8636
344,"456 Elm St,Seattle,FL,60601",555-700-5139
345,"555 Maple Ave,Los Angeles,CA,90001",555-713-8875
346,"456 Elm St,Chicago,TX,60601",555-260-1962
347,"122 Apple Way,Chicago,IL,55322",555-882-7981
348,"123 Main St,Seattle,NY,90001",555-210-9306
349,"5511 Tree Ave,Los Angeles,WA,90001",555-796-0274
350,"555 Maple Ave,Seattle,WA,77001",555-084-5311
351,"456 Elm St,Orlando,TX,90001",555-141-3038
352,"123 Main St,Orlando,CA,98404",555-136-0817
353,"789 Oak St,Houston,IL,10001",555-069-6372
354,"122 Apple Way,Houston,WA,98404",555-066-2457
355,"122 Apple Way,Houston,TX,55322",555-121-6302
356,"789 Oak St,Houston,IL,60601",555-560-6419
357,"5511 Tree Ave,Chicago,FL,60601",555-086-5008
358,"123 Main St,Houston,WA,10001",555-838-6319
359,"123 Main St,Houston,NY,90001",555-882-2037
360,"122 Apple Way,New York,CA,10001",555-831-1714
361,"122 Apple Way,Houston,IL,60601",555-534-6447
362,"123 Main St,Seattle,TX,60601",555-981-5639
363,"555 Maple Ave,Seattle,NY,60601",555-441-6547
364,"555 Maple Ave,Chicago,IL,10001",555-076-3262
365,"5511 Tree Ave,Los Angeles,CA,90001",555-455-8200
366,"5511 Tree Ave,Houston,NY,77001",555-062-5949
367,"456 Elm St,Chicago,TX,90001",555-355-2595
368,"555 Maple Ave,New York,IL,10001",555-465-2532
369,"456 Elm St,Orlando,NY,10001",555-652-3187
370,"122 Apple Way,New York,TX,55322",555-371-3869
371,"5511 Tree Ave,Seattle,CA,10001",555-906-6275
372,"123 Main St,Seattle,IL,90001",555-227-7671
373,"555 Maple Ave,Houston,WA,60601",555-750-1963
374,"456 Elm St,Seattle,CA,60601",555-165-0736
375,"456 Elm St,New York,WA,55322",555-040-9938
376,"122 Apple Way,Los Angeles,WA,60601",555-881-2117
377,"123 Main St,Orlando,CA,98404",555-385-4100
378,"555 Maple Ave,New York,IL,60601",555-574-1875
379,"5511 Tree Ave,Chicago,CA,55322",555-588-4585
380,"555 Maple Ave,Orlando,TX,55322",555-364-1087
381,"789 Oak St,Los Angeles,FL,60601",555-086-4849
382,"122 Apple Way,Houston,TX,60601",555-658-0497
383,"122 Apple Way,New York,FL,60601",555-336-2774
384,"5511 Tree Ave,Seattle,WA,55322",555-759-6614
385,"122 Apple Way,Chicago,CA,77001",555-572-1958
386,"456 Elm St,Los Angeles,TX,60601",555-443-6922
387,"5511 Tree Ave,Los Angeles,CA,90001",555-725-9003
388,"5511 Tree Ave,Chicago,CA,98404",555-828-2702
389,"789 Oak St,Seattle,TX,98404",555-146-3492
390,"123 Main St,Houston,WA,55322",555-706-9942
391,"555 Maple Ave,Houston,CA,90001",555-962-6545
392,"456 Elm St,New York,NY,10001",555-971-9596
393,"555 Maple Ave,New York,CA,55322",555-793-4921
394,"5511 Tree Ave,New York,IL,90001",555-991-3623
395,"555 Maple Ave,Seattle,IL,98404",555-673-7562
396,"5511 Tree Ave,Chicago,IL,60601",555-718-0578
397,"5511 Tree Ave,New York,WA,10001",555-671-6200
398,"555 Maple Ave,Chicago,WA,98404",555-012-2815
399,"456 Elm St,Seattle,NY,55322",555-837-5048
400,"456 Elm St,Orlando,FL,10001",555-653-9130
401,"555 Maple Ave,New York,IL,77001",555-432-6045
402,"555 Maple Ave,Houston,WA,90001",555-655-1957
403,"122 Apple Way,Chicago,WA,98404",555-684-7029
404,"555 Maple Ave,New York,IL,77001",555-947-9853
405,"5511 Tree Ave,Los Angeles,IL,60601",555-778-8030
406,"555 Maple Ave,Houston,WA,90001",555-699-2145
407,"555 Maple Ave,Seattle,TX,98404",555-898-1624
408,"122 Apple Way,Seattle,CA,60601",555-124-5377
409,"456 Elm St,Chicago,NY,55322",555-447-3063
410,"456 Elm St,New York,TX,77001",555-147-5233
411,"122 Apple Way,Los Angeles,IL,55322",555-379-1120
412,"123 Main St,Los Angeles,NY,77001",555-531-3274
413,"789 Oak St,Los Angeles,WA,60601",555-872-6405
414,"123 Main St,Seattle,TX,98404",555-803-7173
415,"122 Apple Way,New York,IL,90001",555-018-0141
416,"555 Maple Ave,Chicago,CA,98404",555-905-3231
417,"456 Elm St,Chicago,IL,77001",555-013-2653
418,"555 Maple Ave,New York,WA,90001",555-681-5167
419,"456 Elm St,Seattle,NY,55322",555-789-2330
420,"789 Oak St,Seattle,TX,10001",555-560-8742
421,"122 Apple Way,New York,IL,90001",555-909-5852
422,"555 Maple Ave,Seattle,NY,98404",555-310-1966
423,"456 Elm St,New York,IL,55322",555-586-0241
424,"789 Oak St,Orlando,WA,98404",555-611-8649
425,"123 Main St,Orlando,CA,90001",555-439-7799
426,"789 Oak St,Houston,NY,55322",555-829-1023
427,"122 Apple Way,Seattle,WA,98404",555-927-9066
428,"123 Main St,New York,CA,60601",555-719-7754
429,"123 Main St,Seattle,NY,55322",555-563-9694
430,"123 Main St,Orlando,WA,60601",555-854-3408
431,"123 Main St,New York,FL,98404",555-976-8055
432,"123 Main St,Los Angeles,IL,77001",555-440-6283
433,"555 Maple Ave,Orlando,IL,60601",555-903-1368
434,"122 Apple Way,Chicago,CA,60601",555-323-5634
435,"789 Oak St,Houston,CA,98404",555-949-0376
436,"789 Oak St,Houston,WA,90001",555-172-3194
437,"123 Main St,Seattle,TX,10001",555-475-7472
438,"456 Elm St,New York,CA,60601",555-961-5394
439,"123 Main St,Seattle,CA,77001",555-909-5308
440,"5511 Tree Ave,Chicago,FL,60601",555-467-3475
441,"122 Apple Way,Los Angeles,TX,77001",555-340-8014
442,"555 Maple Ave,Seattle,NY,90001",555-827-7988
443,"555 Maple Ave,Los Angeles,FL,90001",555-242-9218
444,"555 Maple Ave,Houston,WA,90001",555-969-3433
445,"122 Apple Way,Los Angeles,CA,90001",555-948-3974
446,"122 Apple Way,Seattle,IL,10001",555-807-9114
447,"789 Oak St,Chicago,CA,60601",555-420-1058
448,"555 Maple Ave,Chicago,NY,98404",555-528-4079
449,"5511 Tree Ave,Houston,NY,90001",555-280-9750
450,"555 Maple Ave,New York,IL,55322",555-155-6814
451,"555 Maple Ave,Houston,FL,77001",555-879-7114
452,"456 Elm St,New York,CA,55322",555-741-1873
453,"789 Oak St,Seattle,FL,98404",555-057-2128
454,"5511 Tree Ave,Seattle,TX,77001",555-636-2133
455,"123 Main St,Seattle,NY,55322",555-487-0402
456,"123 Main St,Seattle,IL,10001",555-017-6589
457,"5511 Tree Ave,Los Angeles,WA,55322",555-290-5577
458,"555 Maple Ave,Orlando,TX,60601",555-235-9767
459,"789 Oak St,Chicago,TX,98404",555-082-0304
460,"122 Apple Way,Chicago,IL,10001",555-853-2246
461,"555 Maple Ave,Chicago,CA,90001",555-627-8851
462,"122 Apple Way,Seattle,WA,98404",555-453-2210
463,"789 Oak St,Los Angeles,FL,55322",555-067-7177
464,"456 Elm St,Houston,CA,60601",555-682-0305
465,"122 Apple Way,Orlando,NY,10001",555-058-2553
466,"555 Maple Ave,Houston,TX,90001",555-835-1391
467,"122 Apple Way,New York,IL,55322",555-353-8167
468,"5511 Tree Ave,New York,FL,98404",555-090-0165
469,"456 Elm St,Houston,CA,90001",555-017-9772
470,"789 Oak St,Seattle,NY,60601",555-756-6706
471,"122 Apple Way,New York,TX,90001",555-842-8946
472,"123 Main St,Los Angeles,CA,77001",555-850-4460
473,"789 Oak St,Seattle,TX,55322",555-076-1418
474,"555 Maple Ave,Orlando,WA,55322",555-998-7816
475,"555 Maple Ave,Houston,WA,90001",555-447-0814
476,"5511 Tree Ave,Orlando,IL,98404",555-281-2886
477,"555 Maple Ave,New York,FL,98404",555-453-9566
478,"555 Maple Ave,Los Angeles,FL,60601",555-878-6492
479,"555 Maple Ave,Houston,TX,60601",555-952-0833
480,"456 Elm St,Seattle,CA,98404",555-151-7214
481,"123 Main St,Seattle,IL,77001",555-970-7558
482,"122 Apple Way,Los Angeles,TX,55322",555-530-0189
483,"5511 Tree Ave,New York,TX,77001",555-756-5830
484,"789 Oak St,Chicago,CA,77001",555-263-1619
485,"789 Oak St,Seattle,NY,77001",555-312-5059
486,"789 Oak St,Orlando,TX,10001",555-750-5431
487,"122 Apple Way,New York,NY,90001",555-535-8239
488,"555 Maple Ave,Orlando,CA,90001",555-563-1173
489,"555 Maple Ave,New York,NY,77001",555-464-5605
490,"789 Oak St,Orlando,CA,10001",555-158-0985
491,"789 Oak St,Orlando,NY,98404",555-867-7565
492,"555 Maple Ave,Chicago,IL,60601",555-723-1311
493,"123 Main St,Orlando,CA,90001",555-020-0759
494,"789 Oak St,Orlando,WA,55322",555-393-5323
495,"555 Maple Ave,Orlando,IL,10001",555-357-3605
496,"5511 Tree Ave,Chicago,WA,10001",555-856-7982
497,"555 Maple Ave,New York,FL,10001",555-950-0314
498,"123 Main St,Los Angeles,IL,90001",555-278-5392
499,"456 Elm St,Chicago,NY,60601",555-212-2776
500,"123 Main St,Orlando,CA,60601",555-717-5267
501,"456 Elm St,Seattle,CA,90001",555-859-1991
502,"555 Maple Ave,Orlando,FL,90001",555-046-1214
503,"123 Main St,Chicago,IL,10001",555-897-8713
504,"5511 Tree Ave,Orlando,NY,60601",555-450-0655
505,"456 Elm St,Houston,FL,60601",555-087-8532
506,"123 Main St,Orlando,CA,90001",555-915-7991
507,"789 Oak St,Chicago,WA,10001",555-157-7654
508,"789 Oak St,Houston,WA,90001",555-328-4518
509,"122 Apple Way,Orlando,IL,60601",555-931-4916
510,"456 Elm St,Houston,NY,90001",555-316-2608
511,"456 Elm St,Houston,IL,77001",555-332-2377
512,"5511 Tree Ave,Chicago,NY,60601",555-225-2784
513,"5511 Tree Ave,Chicago,WA,10001",555-658-3617
514,"555 Maple Ave,Chicago,IL,55322",555-477-7473
515,"5511 Tree Ave,Orlando,NY,55322",555-626-2110
516,"789 Oak St,Houston,FL,77001",555-121-8640
517,"456 Elm St,New York,IL,90001",555-720-0219
518,"789 Oak St,Chicago,CA,10001",555-601-9378
519,"123 Main St,Orlando,TX,55322",555-323-9900
520,"456 Elm St,Orlando,FL,60601",555-824-2348
521,"555 Maple Ave,New York,NY,90001",555-831-6599
522,"123 Main St,Houston,IL,98404",555-901-9251
523,"123 Main St,Orlando,CA,90001",555-539-4205
524,"122 Apple Way,Orlando,TX,55322",555-691-1477
525,"122 Apple Way,Chicago,NY,55322",555-921-4210
526,"555 Maple Ave,Houston,FL,98404",555-702-3089
527,"456 Elm St,Los Angeles,CA,60601",555-064-9644
528,"5511 Tree Ave,Seattle,TX,77001",555-389-9996
529,"5511 Tree Ave,Chicago,NY,98404",555-787-6255
530,"123 Main St,Houston,TX,10001",555-978-7757
531,"456 Elm St,Seattle,IL,10001",555-292-0839
532,"123 Main St,Orlando,FL,10001",555-904-4520
533,"456 Elm St,Houston,NY,77001",555-179-2961
534,"5511 Tree Ave,Orlando,CA,90001",555-725-6773
535,"789 Oak St,New York,CA,60601",555-857-1362
536,"5511 Tree Ave,Orlando,NY,77001",555-328-6385
537,"789 Oak St,Chicago,CA,55322",555-459-8504
538,"122 Apple Way,Orlando,CA,98404",555-548-8992
539,"555 Maple Ave,New York,NY,55322",555-332-0314
540,"555 Maple Ave,Los Angeles,FL,90001",555-999-5900
541,"456 Elm St,Los Angeles,NY,55322",555-600-3891
542,"122 Apple Way,Seattle,WA,77001",555-059-6382
543,"123 Main St,Los Angeles,IL,77001",555-167-7211
544,"123 Main St,Orlando,FL,98404",555-343-1435
545,"122 Apple Way,Chicago,IL,55322",555-518-5946
546,"123 Main St,Orlando,WA,98404",555-812-9305
547,"555 Maple Ave,New York,TX,90001",555-588-4315
548,"5511 Tree Ave,Los Angeles,WA,10001",555-777-2303
549,"789 Oak St,Seattle,FL,60601",555-675-5393
550,"555 Maple Ave,Los Angeles,CA,55322",555-403-0671
551,"122 Apple Way,Orlando,IL,90001",555-735-6214
552,"789 Oak St,Seattle,TX,98404",555-305-2009
553,"122 Apple Way,Seattle,NY,98404",555-691-5880
554,"555 Maple Ave,Chicago,CA,77001",555-089-4775
555,"5511 Tree Ave,New York,CA,10001",555-942-0389
556,"123 Main St,Chicago,FL,77001",555-414-0426
557,"123 Main St,Houston,CA,55322",555-113-6707
558,"123 Main St,Seattle,WA,98404",555-055-1284
559,"555 Maple Ave,Houston,WA,55322",555-360-4542
560,"122 Apple Way,Orlando,TX,77001",555-854-8209
561,"456 Elm St,Seattle,CA,60601",555-373-7673
562,"122 Apple Way,Houston,CA,55322",555-345-8686
563,"5511 Tree Ave,Houston,IL,55322",555-499-2820
564,"122 Apple Way,New York,NY,98404",555-404-6338
565,"123 Main St,Los Angeles,TX,10001",555-015-9082
566,"122 Apple Way,Seattle,WA,77001",555-557-1385
567,"5511 Tree Ave,Chicago,FL,10001",555-850-7150
568,"5511 Tree Ave,Orlando,IL,90001",555-538-6407
569,"123 Main St,Orlando,FL,98404",555-936-6068
570,"122 Apple Way,Chicago,WA,90001",555-262-6823
571,"555 Maple Ave,Chicago,CA,60601",555-493-0955
572,"555 Maple Ave,Houston,WA,60601",555-300-0966
573,"789 Oak St,Houston,FL,90001",555-410-3865
574,"456 Elm St,New York,TX,77001",555-878-5904
575,"789 Oak St,Los Angeles,NY,98404",555-162-0658
576,"789 Oak St,Orlando,WA,98404",555-028-1717
577,"789 Oak St,Los Angeles,TX,55322",555-106-7519
578,"456 Elm St,Houston,FL,90001",555-422-3670
579,"122 Apple Way,Los Angeles,CA,77001",555-812-3098
580,"5511 Tree Ave,Orlando,CA,10001",555-181-9851
581,"123 Main St,New York,FL,90001",555-943-7999
582,"5511 Tree Ave,Orlando,IL,98404",555-020-5074
583,"555 Maple Ave,Orlando,TX,98404",555-417-3586
584,"122 Apple Way,Seattle,TX,98404",555-185-4155
585,"789 Oak St,Chicago,TX,10001",555-620-9022
586,"789 Oak St,Orlando,FL,10001",555-933-5116
587,"789 Oak St,Chicago,CA,77001",555-082-1952
588,"123 Main St,New York,TX,55322",555-586-1706
589,"555 Maple Ave,Seattle,TX,90001",555-804-0943
590,"789 Oak St,New York,FL,90001",555-329-7897
591,"789 Oak St,Los Angeles,FL,55322",555-860-1398
592,"122 Apple Way,Los Angeles,NY,90001",555-738-4694
593,"5511 Tree Ave,Orlando,CA,60601",555-265-7911
594,"789 Oak St,New York,FL,90001",555-170-0779
595,"555 Maple Ave,New York,CA,77001",555-767-3320
596,"122 Apple Way,Seattle,CA,90001",555-106-0694
597,"123 Main St,New York,CA,55322",555-014-9827
598,"789 Oak St,Orlando,IL,55322",555-156-5009
599,"456 Elm St,Houston,IL,60601",555-325-5961
600,"122 Apple Way,Seattle,CA,55322",555-456-9816
601,"123 Main St,Seattle,TX,10001",555-955-7938
602,"122 Apple Way,Orlando,FL,55322",555-926-0007
603,"789 Oak St,Chicago,FL,60601",555-430-1100
604,"456 Elm St,New York,CA,60601",555-040-8191
605,"122 Apple Way,Orlando,IL,90001",555-924-3732
606,"122 Apple Way,New York,IL,98404",555-397-3729
607,"5511 Tree Ave,Seattle,IL,98404",555-701-6139
608,"456 Elm St,Seattle,WA,77001",555-831-6778
609,"123 Main St,Orlando,NY,60601",555-544-0421
610,"122 Apple Way,Orlando,TX,10001",555-408-8830
611,"5511 Tree Ave,New York,TX,90001",555-742-3805
612,"789 Oak St,Chicago,IL,77001",555-485-4142
613,"555 Maple Ave,Los Angeles,WA,90001",555-214-3460
614,"123 Main St,Seattle,IL,60601",555-829-5104
615,"123 Main St,New York,IL,55322",555-782-8636
616,"456 Elm St,Seattle,TX,98404",555-806-5899
617,"123 Main St,New York,WA,90001",555-245-0444
618,"555 Maple Ave,Seattle,FL,98404",555-785-9285
619,"789 Oak St,Houston,FL,60601",555-244-1814
620,"122 Apple Way,Houston,TX,60601",555-972-5971
621,"5511 Tree Ave,Chicago,IL,60601",555-130-6999
622,"122 Apple Way,Los Angeles,WA,90001",555-596-4166
623,"555 Maple Ave,Chicago,FL,60601",555-253-3479
624,"789 Oak St,New York,TX,77001",555-082-9832
625,"5511 Tree Ave,New York,IL,10001",555-154-9328
626,"789 Oak St,New York,CA,90001",555-969-4749
627,"456 Elm St,Houston,TX,10001",555-280-8225
628,"122 Apple Way,Los Angeles,IL,60601",555-172-3403
629,"789 Oak St,Houston,FL,77001",555-126-5349
630,"122 Apple Way,Chicago,NY,10001",555-417-4964
631,"122 Apple Way,Seattle,WA,10001",555-104-7779
632,"789 Oak St,Los Angeles,TX,98404",555-996-2920
633,"789 Oak St,Houston,NY,10001",555-937-7740
634,"5511 Tree Ave,Seattle,IL,10001",555-060-0527
635,"123 Main St,New York,NY,90001",555-176-9137
636,"555 Maple Ave,Orlando,WA,77001",555-420-2394
637,"5511 Tree Ave,Seattle,TX,98404",555-809-4746
638,"789 Oak St,Los Angeles,IL,10001",555-626-6730
639,"456 Elm St,Orlando,FL,60601",555-975-1668
640,"789 Oak St,Los Angeles,WA,55322",555-736-0902
641,"5511 Tree Ave,Houston,FL,90001",555-082-4801
642,"555 Maple Ave,Houston,CA,77001",555-655-2875
643,"123 Main St,Chicago,IL,60601",555-557-6758
644,"5511 Tree Ave,Chicago,CA,98404",555-866-8414
645,"122 Apple Way,Houston,IL,10001",555-570-2847
646,"555 Maple Ave,Orlando,TX,90001",555-425-1237
647,"122 Apple Way,Houston,TX,90001",555-026-7162
648,"789 Oak St,Houston,WA,90001",555-793-1070
649,"122 Apple Way,Seattle,CA,90001",555-118-5284
650,"122 Apple Way,Houston,NY,98404",555-216-9791
651,"122 Apple Way,Los Angeles,CA,90001",555-436-1486
652,"789 Oak St,Chicago,IL,60601",555-894-0745
653,"789 Oak St,Los Angeles,TX,10001",555-058-9613
654,"123 Main St,Orlando,IL,60601",555-697-6603
655,"789 Oak St,Houston,TX,60601",555-874-6542
656,"122 Apple Way,Orlando,WA,55322",555-346-8964
657,"789 Oak St,Chicago,NY,55322",555-605-4190
658,"5511 Tree Ave,Houston,NY,98404",555-871-6792
659,"123 Main St,Chicago,CA,77001",555-009-3541
660,"555 Maple Ave,New York,CA,55322",555-371-0514
661,"122 Apple Way,Houston,IL,55322",555-703-7950
662,"5511 Tree Ave,Los Angeles,NY,90001",555-402-0388
663,"5511 Tree Ave,Chicago,NY,77001",555-306-9632
664,"456 Elm St,Houston,FL,90001",555-081-3954
665,"5511 Tree Ave,Orlando,WA,55322",555-635-7582
666,"123 Main St,Chicago,IL,55322",555-440-1437
667,"123 Main St,Houston,CA,10001",555-088-9086
668,"5511 Tree Ave,Chicago,FL,60601",555-211-6265
669,"555 Maple Ave,Los Angeles,NY,60601",555-140-8893
670,"5511 Tree Ave,Orlando,NY,77001",555-061-5245
671,"555 Maple Ave,Los Angeles,WA,77001",555-368-1362
672,"555 Maple Ave,Seattle,CA,98404",555-458-3447
673,"5511 Tree Ave,Seattle,TX,60601",555-036-4383
674,"789 Oak St,Orlando,FL,77001",555-611-2612
675,"555 Maple Ave,Chicago,IL,77001",555-906-3407
676,"555 Maple Ave,Chicago,IL,90001",555-738-1420
677,"5511 Tree Ave,Orlando,WA,77001",555-121-1023
678,"555 Maple Ave,Los Angeles,FL,60601",555-268-9309
679,"789 Oak St,Los Angeles,CA,10001",555-182-3829
680,"555 Maple Ave,Seattle,FL,10001",555-296-4746
681,"789 Oak St,Chicago,WA,10001",555-312-8263
682,"123 Main St,Los Angeles,TX,10001",555-297-2405
683,"789 Oak St,Houston,NY,98404",555-641-6810
684,"789 Oak St,Orlando,IL,55322",555-721-1625
685,"122 Apple Way,Los Angeles,WA,10001",555-419-3993
686,"122 Apple Way,New York,WA,55322",555-241-5952
687,"789 Oak St,Chicago,IL,90001",555-986-3409
688,"122 Apple Way,Orlando,CA,10001",555-500-7888
689,"5511 Tree Ave,Orlando,FL,77001",555-346-9769
690,"5511 Tree Ave,Seattle,TX,60601",555-072-4899
691,"456 Elm St,Chicago,FL,90001",555-537-9888
692,"123 Main St,Los Angeles,FL,55322",555-938-6207
693,"5511 Tree Ave,Orlando,TX,10001",555-926-6907
694,"456 Elm St,Orlando,NY,60601",555-741-7524
695,"555 Maple Ave,Orlando,CA,10001",555-266-8439
696,"555 Maple Ave,Los Angeles,IL,60601",555-190-6998
697,"123 Main St,New York,WA,60601",555-423-9807
698,"123 Main St,Houston,TX,60601",555-864-9053
699,"555 Maple Ave,Seattle,CA,55322",555-124-5117
700,"555 Maple Ave,Los Angeles,FL,98404",555-649-0168
701,"789 Oak St,Chicago,IL,55322",555-457-6003
702,"123 Main St,New York,CA,60601",555-975-5512
703,"789 Oak St,New York,WA,60601",555-691-9660
704,"456 Elm St,Chicago,FL,98404",555-023-9562
705,"122 Apple Way,Chicago,NY,77001",555-449-0278
706,"5511 Tree Ave,Houston,IL,10001",555-991-5214
707,"456 Elm St,Orlando,CA,90001",555-752-5941
708,"123 Main St,Los Angeles,WA,55322",555-519-8270
709,"123 Main St,Chicago,IL,90001",555-540-1075
710,"789 Oak St,New York,WA,90001",555-615-4389
711,"123 Main St,Chicago,CA,10001",555-600-7490
712,"555 Maple Ave,Houston,TX,10001",555-381-3042
713,"123 Main St,Seattle,CA,60601",555-992-8636
714,"456 Elm St,Houston,FL,10001",555-884-5369
715,"456 Elm St,Seattle,IL,77001",555-702-3819
716,"123 Main St,Chicago,TX,98404",555-985-5175
717,"456 Elm St,New York,CA,55322",555-014-5973
718,"789 Oak St,Chicago,TX,98404",555-924-3524
719,"123 Main St,Orlando,WA,55322",555-739-5330
720,"122 Apple Way,Orlando,WA,90001",555-215-7376
721,"123 Main St,Houston,FL,77001",555-914-2440
722,"122 Apple Way,Chicago,FL,60601",555-746-1592
723,"123 Main St,Houston,IL,10001",555-758-4360
724,"456 Elm St,Los Angeles,WA,90001",555-396-9215
725,"789 Oak St,New York,IL,10001",555-434-6617
726,"5511 Tree Ave,Orlando,IL,90001",555-909-7030
727,"555 Maple Ave,Seattle,TX,60601",555-444-0216
728,"789 Oak St,Houston,IL,55322",555-235-4851
729,"122 Apple Way,Seattle,NY,77001",555-766-1238
730,"123 Main St,Chicago,NY,90001",555-770-4387
731,"123 Main St,Houston,FL,10001",555-238-3159
732,"122 Apple Way,Chicago,WA,10001",555-645-5843
733,"555 Maple Ave,Los Angeles,NY,90001",555-875-6820
734,"789 Oak St,Houston,TX,55322",555-161-0991
735,"789 Oak St,Chicago,WA,90001",555-937-2562
736,"5511 Tree Ave,Chicago,TX,60601",555-382-8055
737,"555 Maple Ave,New York,NY,77001",555-510-7574
738,"123 Main St,Chicago,CA,77001",555-254-6604
739,"789 Oak St,Orlando,FL,98404",555-479-9874
740,"555 Maple Ave,Houston,FL,90001",555-094-0305
741,"456 Elm St,Los Angeles,CA,90001",555-825-4682
742,"789 Oak St,Los Angeles,WA,98404",555-686-0311
743,"123 Main St,Los Angeles,IL,60601",555-386-2140
744,"555 Maple Ave,Seattle,FL,10001",555-127-3521
745,"122 Apple Way,Orlando,TX,77001",555-631-8623
746,"555 Maple Ave,Chicago,WA,90001",555-299-5895
747,"789 Oak St,New York,IL,55322",555-106-1718
748,"789 Oak St,Seattle,NY,77001",555-415-1257
749,"123 Main St,Los Angeles,WA,98404",555-846-8820
750,"555 Maple Ave,Chicago,TX,60601",555-430-7807
751,"5511 Tree Ave,Chicago,FL,90001",555-989-4820
752,"456 Elm St,Seattle,IL,77001",555-823-5320
753,"456 Elm St,Orlando,NY,77001",555-359-1769
754,"122 Apple Way,Houston,CA,10001",555-340-9482
755,"555 Maple Ave,Houston,NY,60601",555-818-1326
756,"122 Apple Way,New York,FL,98404",555-960-0302
757,"122 Apple Way,Houston,CA,60601",555-119-4618
758,"555 Maple Ave,Seattle,TX,90001",555-896-3661
759,"789 Oak St,New York,TX,10001",555-967-3827
760,"5511 Tree Ave,New York,CA,10001",555-139-5222
761,"456 Elm St,Los Angeles,TX,90001",555-494-3416
762,"5511 Tree Ave,New York,TX,98404",555-465-4641
763,"555 Maple Ave,Orlando,FL,77001",555-327-2164
764,"5511 Tree Ave,Orlando,FL,98404",555-363-7727
765,"555 Maple Ave,Seattle,CA,98404",555-284-4951
766,"456 Elm St,New York,IL,10001",555-883-1872
767,"789 Oak St,Los Angeles,TX,60601",555-138-6010
768,"456 Elm St,Houston,IL,10001",555-372-2697
769,"555 Maple Ave,Los Angeles,NY,98404",555-002-9122
770,"456 Elm St,New York,FL,77001",555-658-2853
771,"456 Elm St,Seattle,FL,77001",555-053-5412
772,"555 Maple Ave,Houston,FL,90001",555-233-2435
773,"123 Main St,Chicago,WA,10001",555-209-8896
774,"456 Elm St,Orlando,FL,10001",555-681-2994
775,"123 Main St,Chicago,WA,98404",555-617-5031
776,"456 Elm St,Seattle,NY,77001",555-717-7866
777,"5511 Tree Ave,Houston,CA,55322",555-651-4181
778,"789 Oak St,Seattle,CA,55322",555-392-4858
779,"5511 Tree Ave,Orlando,CA,55322",555-959-1320
780,"123 Main St,Los Angeles,FL,90001",555-560-7275
781,"122 Apple Way,Houston,NY,98404",555-322-2756
782,"123 Main St,Houston,WA,10001",555-435-5776
783,"555 Maple Ave,Houston,TX,55322",555-477-0097
784,"5511 Tree Ave,Orlando,NY,60601",555-213-6574
785,"456 Elm St,Los Angeles,CA,10001",555-210-7965
786,"789 Oak St,Houston,NY,55322",555-579-9367
787,"456 Elm St,Los Angeles,CA,60601",555-574-7485
788,"123 Main St,New York,TX,55322",555-913-2330
789,"456 Elm St,New York,WA,10001",555-752-0391
790,"5511 Tree Ave,Chicago,IL,10001",555-823-8581
791,"555 Maple Ave,New York,CA,60601",555-971-0447
792,"555 Maple Ave,Houston,WA,10001",555-904-8191
793,"5511 Tree Ave,Orlando,IL,77001",555-999-1568
794,"456 Elm St,Los Angeles,CA,98404",555-978-7901
795,"123 Main St,Los Angeles,NY,10001",555-290-1648
796,"122 Apple Way,Seattle,NY,98404",555-483-7900
797,"5511 Tree Ave,Chicago,TX,10001",555-553-6985
798,"123 Main St,Seattle,WA,60601",555-388-5673
799,"555 Maple Ave,Seattle,TX,55322",555-934-3224
800,"5511 Tree Ave,Chicago,NY,98404",555-631-0451
801,"456 Elm St,Los Angeles,IL,55322",555-643-7576
802,"555 Maple Ave,Los Angeles,CA,90001",555-526-1891
803,"123 Main St,Seattle,NY,77001",555-395-7897
804,"123 Main St,Houston,CA,90001",555-559-2257
805,"555 Maple Ave,Chicago,WA,60601",555-387-7757
806,"789 Oak St,Chicago,NY,98404",555-849-8039
807,"5511 Tree Ave,Orlando,WA,10001",555-176-4357
808,"122 Apple Way,Orlando,TX,55322",555-159-5173
809,"555 Maple Ave,Houston,IL,10001",555-629-3547
810,"122 Apple Way,Orlando,IL,77001",555-283-1696
811,"456 Elm St,Los Angeles,CA,60601",555-877-3286
812,"456 Elm St,Chicago,TX,98404",555-779-1636
813,"456 Elm St,Seattle,IL,10001",555-295-0115
814,"123 Main St,Houston,WA,98404",555-221-3450
815,"123 Main St,Los Angeles,IL,98404",555-517-1679
816,"123 Main St,Los Angeles,WA,60601",555-814-8950
817,"789 Oak St,Orlando,NY,10001",555-560-5199
818,"456 Elm St,Houston,FL,90001",555-633-0671
819,"789 Oak St,New York,IL,55322",555-299-4713
820,"122 Apple Way,Orlando,FL,98404",555-507-2911
821,"123 Main St,Los Angeles,CA,98404",555-256-2594
822,"555 Maple Ave,Los Angeles,FL,90001",555-004-3133
823,"789 Oak St,Seattle,TX,55322",555-172-3506
824,"555 Maple Ave,Houston,NY,10001",555-873-2718
825,"555 Maple Ave,New York,IL,60601",555-269-0174
826,"123 Main St,Los Angeles,FL,60601",555-908-5926
827,"5511 Tree Ave,Chicago,NY,77001",555-152-8803
828,"122 Apple Way,Seattle,CA,98404",555-154-4259
829,"456 Elm St,Chicago,CA,60601",555-469-6451
830,"122 Apple Way,Los Angeles,NY,10001",555-795-3399
831,"122 Apple Way,Seattle,WA,55322",555-083-7305
832,"789 Oak St,New York,IL,98404",555-987-5496
833,"555 Maple Ave,Los Angeles,WA,98404",555-776-3347
834,"123 Main St,Houston,NY,77001",555-834-4540
835,"789 Oak St,Los Angeles,IL,60601",555-838-2252
836,"555 Maple Ave,Los Angeles,TX,55322",555-812-8110
837,"456 Elm St,New York,NY,98404",555-437-6446
838,"123 Main St,Houston,WA,55322",555-459-6118
839,"123 Main St,Chicago,NY,55322",555-210-4520
840,"122 Apple Way,Seattle,CA,90001",555-239-7961
841,"123 Main St,Houston,IL,10001",555-832-4458
842,"789 Oak St,New York,WA,90001",555-670-1816
843,"555 Maple Ave,Seattle,FL,10001",555-626-2549
844,"122 Apple Way,Houston,CA,98404",555-046-9320
845,"456 Elm St,Orlando,WA,90001",555-804-3413
846,"122 Apple Way,Los Angeles,CA,10001",555-715-0242
847,"789 Oak St,Chicago,IL,10001",555-448-2899
848,"456 Elm St,Houston,IL,60601",555-881-3934
849,"789 Oak St,Seattle,NY,98404",555-169-8867
850,"555 Maple Ave,Los Angeles,IL,55322",555-032-2218
851,"5511 Tree Ave,Seattle,WA,60601",555-471-4479
852,"456 Elm St,Los Angeles,CA,60601",555-926-2049
853,"555 Maple Ave,Los Angeles,CA,98404",555-959-8478
854,"122 Apple Way,Chicago,NY,60601",555-872-7284
855,"789 Oak St,Seattle,WA,55322",555-543-4944
856,"789 Oak St,Orlando,CA,55322",555-298-0729
857,"456 Elm St,Orlando,WA,77001",555-574-9869
858,"456 Elm St,Orlando,CA,60601",555-950-7702
859,"456 Elm St,New York,FL,90001",555-270-2226
860,"123 Main St,Houston,IL,77001",555-295-3244
861,"789 Oak St,Los Angeles,FL,60601",555-123-8519
862,"122 Apple Way,Orlando,IL,90001",555-139-8711
863,"123 Main St,Seattle,CA,10001",555-226-5810
864,"5511 Tree Ave,Chicago,TX,10001",555-897-3166
865,"123 Main St,New York,CA,77001",555-398-9444
866,"456 Elm St,New York,NY,10001",555-164-1934
867,"5511 Tree Ave,New York,TX,98404",555-504-2910
868,"5511 Tree Ave,Orlando,FL,55322",555-850-7044
869,"123 Main St,Chicago,WA,77001",555-705-0091
870,"122 Apple Way,Los Angeles,CA,98404",555-861-5971
871,"5511 Tree Ave,Seattle,WA,90001",555-721-7360
872,"123 Main St,Seattle,FL,98404",555-647-4061
873,"789 Oak St,Seattle,IL,77001",555-462-3570
874,"122 Apple Way,Houston,TX,98404",555-438-5729
875,"456 Elm St,Orlando,FL,98404",555-179-6640
876,"123 Main St,Orlando,IL,98404",555-825-4774
877,"456 Elm St,Los Angeles,TX,60601",555-713-6434
878,"789 Oak St,Los Angeles,FL,55322",555-925-8540
879,"123 Main St,Houston,CA,60601",555-031-0254
880,"456 Elm St,New York,FL,55322",555-123-2399
881,"555 Maple Ave,Seattle,FL,98404",555-512-2181
882,"456 Elm St,Orlando,WA,90001",555-090-0878
883,"122 Apple Way,New York,NY,77001",555-048-7824
884,"555 Maple Ave,New York,CA,55322",555-335-9359
885,"122 Apple Way,New York,CA,10001",555-518-8100
886,"555 Maple Ave,Seattle,FL,55322",555-263-7865
887,"456 Elm St,New York,NY,90001",555-293-2831
888,"123 Main St,Orlando,NY,10001",555-048-5390
889,"456 Elm St,Houston,IL,98404",555-761-1107
890,"555 Maple Ave,Seattle,IL,10001",555-147-7597
891,"456 Elm St,Orlando,IL,98404",555-715-7639
892,"123 Main St,Los Angeles,IL,90001",555-459-9288
893,"555 Maple Ave,Seattle,CA,10001",555-027-7301
894,"789 Oak St,New York,FL,98404",555-424-1184
895,"5511 Tree Ave,Houston,CA,77001",555-208-5769
896,"789 Oak St,Houston,CA,60601",555-950-1357
897,"5511 Tree Ave,New York,NY,77001",555-521-3915
898,"456 Elm St,Houston,TX,90001",555-507-0975
899,"555 Maple Ave,Seattle,NY,77001",555-014-4617
900,"555 Maple Ave,New York,TX,77001",555-106-3900
901,"122 Apple Way,Los Angeles,TX,10001",555-363-8822
902,"122 Apple Way,Chicago,IL,10001",555-426-6875
903,"123 Main St,New York,TX,60601",555-320-7035
904,"555 Maple Ave,Los Angeles,NY,90001",555-464-0215
905,"789 Oak St,Seattle,NY,10001",555-564-8726
906,"555 Maple Ave,New York,WA,77001",555-554-1177
907,"122 Apple Way,Chicago,CA,90001",555-610-5991
908,"555 Maple Ave,New York,TX,60601",555-928-3715
909,"555 Maple Ave,Chicago,WA,60601",555-994-5062
910,"555 Maple Ave,Seattle,CA,77001",555-304-8779
911,"456 Elm St,Seattle,WA,60601",555-720-8471
912,"789 Oak St,Los Angeles,IL,10001",555-042-9303
913,"555 Maple Ave,Los Angeles,WA,60601",555-541-8833
914,"123 Main St,New York,WA,77001",555-811-5729
915,"123 Main St,Chicago,FL,90001",555-087-6162
916,"456 Elm St,Los Angeles,CA,10001",555-319-0701
917,"5511 Tree Ave,Orlando,TX,60601",555-373-1205
918,"5511 Tree Ave,Chicago,CA,90001",555-781-2359
919,"456 Elm St,Houston,CA,10001",555-222-0555
920,"5511 Tree Ave,New York,NY,98404",555-413-1441
921,"5511 Tree Ave,Seattle,IL,98404",555-615-1867
922,"456 Elm St,Houston,IL,90001",555-379-8895
923,"123 Main St,Los Angeles,TX,77001",555-175-6595
924,"555 Maple Ave,Houston,TX,10001",555-639-6543
925,"5511 Tree Ave,New York,WA,10001",555-397-6045
926,"789 Oak St,Orlando,FL,10001",555-267-0678
927,"555 Maple Ave,Seattle,FL,77001",555-638-2063
928,"456 Elm St,Seattle,CA,10001",555-506-3260
929,"555 Maple Ave,Los Angeles,FL,55322",555-904-2882
930,"555 Maple Ave,Los Angeles,WA,60601",555-752-1203
931,"789 Oak St,Los Angeles,CA,90001",555-862-5686
932,"555 Maple Ave,Seattle,FL,77001",555-869-1741
933,"456 Elm St,Orlando,NY,10001",555-034-1552
934,"456 Elm St,New York,TX,90001",555-394-2433
935,"789 Oak St,Houston,NY,98404",555-383-2911
936,"123 Main St,Chicago,IL,60601",555-720-3062
937,"789 Oak St,Houston,TX,98404",555-798-7443
938,"789 Oak St,Seattle,TX,55322",555-027-2559
939,"456 Elm St,Seattle,FL,90001",555-660-8604
940,"789 Oak St,New York,FL,90001",555-964-9564
941,"5511 Tree Ave,Chicago,CA,60601",555-900-7152
942,"5511 Tree Ave,Chicago,NY,55322",555-923-2108
943,"5511 Tree Ave,Orlando,TX,90001",555-341-8709
944,"5511 Tree Ave,Houston,CA,10001",555-044-2681
945,"456 Elm St,Chicago,CA,60601",555-494-2804
946,"789 Oak St,Seattle,IL,10001",555-959-3992
947,"789 Oak St,Los Angeles,CA,60601",555-420-6618
948,"5511 Tree Ave,Los Angeles,TX,90001",555-454-6598
949,"123 Main St,Houston,NY,90001",555-132-6280
950,"122 Apple Way,Chicago,CA,60601",555-629-7625
951,"789 Oak St,Los Angeles,IL,90001",555-514-4475
952,"122 Apple Way,Orlando,WA,60601",555-074-4840
953,"5511 Tree Ave,Houston,IL,90001",555-342-8541
954,"123 Main St,Los Angeles,WA,60601",555-716-1034
955,"555 Maple Ave,Los Angeles,CA,10001",555-928-0199
956,"5511 Tree Ave,Los Angeles,CA,98404",555-194-2677
957,"456 Elm St,Seattle,TX,90001",555-929-7085
958,"123 Main St,Orlando,IL,55322",555-045-0607
959,"122 Apple Way,Seattle,WA,90001",555-055-9931
960,"122 Apple Way,Los Angeles,NY,77001",555-016-7537
961,"122 Apple Way,Seattle,IL,55322",555-927-3558
962,"123 Main St,Houston,IL,10001",555-739-2017
963,"123 Main St,New York,TX,60601",555-984-4501
964,"555 Maple Ave,New York,IL,60601",555-788-0949
965,"456 Elm St,Seattle,FL,98404",555-194-5890
966,"456 Elm St,New York,CA,77001",555-451-6010
967,"122 Apple Way,Orlando,CA,77001",555-554-1034
968,"555 Maple Ave,Chicago,CA,90001",555-587-3496
969,"5511 Tree Ave,Houston,NY,60601",555-964-1240
970,"123 Main St,New York,IL,77001",555-809-7017
971,"122 Apple Way,Orlando,CA,90001",555-894-7184
972,"456 Elm St,Houston,TX,10001",555-323-3925
973,"123 Main St,Houston,NY,77001",555-471-7667
974,"5511 Tree Ave,Houston,WA,10001",555-538-4002
975,"789 Oak St,Chicago,NY,10001",555-407-6992
976,"555 Maple Ave,Seattle,IL,90001",555-600-4452
977,"5511 Tree Ave,Orlando,NY,98404",555-949-8872
978,"122 Apple Way,Chicago,CA,98404",555-679-9841
979,"123 Main St,Houston,IL,60601",555-523-2398
980,"5511 Tree Ave,Houston,TX,98404",555-032-0204
981,"789 Oak St,New York,FL,10001",555-917-3236
982,"5511 Tree Ave,Seattle,WA,55322",555-624-5742
983,"5511 Tree Ave,Seattle,FL,55322",555-145-9722
984,"555 Maple Ave,Orlando,FL,98404",555-945-5485
985,"123 Main St,Los Angeles,NY,90001",555-858-6404
986,"5511 Tree Ave,Seattle,NY,77001",555-142-5549
987,"555 Maple Ave,Orlando,WA,90001",555-572-3729
988,"555 Maple Ave,Seattle,CA,98404",555-052-9679
989,"456 Elm St,Houston,CA,55322",555-432-4806
990,"456 Elm St,Orlando,CA,10001",555-908-3954
991,"123 Main St,Chicago,WA,90001",555-300-9350
992,"555 Maple Ave,Los Angeles,WA,60601",555-152-2911
993,"122 Apple Way,Chicago,TX,55322",555-233-0446
994,"5511 Tree Ave,Los Angeles,FL,60601",555-404-7799
995,"122 Apple Way,New York,IL,10001",555-764-7037
996,"5511 Tree Ave,Seattle,WA,60601",555-349-2537
997,"456 Elm St,Orlando,IL,10001",555-943-2145
998,"555 Maple Ave,Los Angeles,CA,77001",555-729-6902
999,"456 Elm St,Seattle,NY,90001",555-807-1064
1000,"123 Main St,Chicago,IL,77001",555-676-0791
